Price,Close,High,Low,Open,Volume
Ticker,2303.TW,2303.TW,2303.TW,2303.TW,2303.TW
Date,,,,,
2024-01-02,46.182151794433594,46.9829962971396,45.64825206486614,46.71604812957093,64217881
2024-01-03,45.02537155151367,45.648252883294965,44.936389958872134,45.55927129065343,75978300
2024-01-04,45.20333480834961,45.29231978888008,44.669438502886514,44.93638665561806,56554331
2024-01-05,45.20333480834961,46.44909738033673,45.0253682417186,45.91519768044371,77391673
2024-01-08,44.9363899230957,45.38130467480952,44.580456763952576,45.38130467480952,63869803
2024-01-09,44.5804557800293,45.29232208260414,44.5804557800293,45.02537052192352,50477153
2024-01-10,44.5804557800293,44.93638893131671,44.5804557800293,44.847407340709914,40588805
2024-01-11,44.5804557800293,44.758422355673005,44.49147418942249,44.6694407650662,26875440
2024-01-12,44.5804557800293,44.5804557800293,44.135541038135074,44.5804557800293,30183922
2024-01-15,45.20333480834961,45.20333480834961,44.580453522356045,44.84740506951752,30013792
2024-01-16,45.20333480834961,45.20333480834961,44.49147193625551,44.93638665561806,49658808
2024-01-17,43.24571228027344,44.4914749362608,43.15673068817298,44.4914749362608,141437685
2024-01-18,42.80079650878906,43.51266280631335,42.311390975063674,43.24571124752671,91151420
2024-01-19,43.77960968017578,44.402490974933784,42.978761816282635,44.402490974933784,70235426
2024-01-22,44.7584228515625,44.7584228515625,44.2245265131463,44.4914746823544,73159697
2024-01-23,44.66944122314453,45.292322547070015,44.44698384991615,45.203337561120584,50692732
2024-01-24,45.02537155151367,45.20333813122692,44.758423379158884,45.11435653858538,60980878
2024-01-25,46.538082122802734,46.538082122802734,45.47028604502518,45.47028604502518,174170705
2024-01-26,44.313507080078125,45.470284716185155,44.313507080078125,45.2033365531497,181978031
2024-01-29,44.002071380615234,44.40249535203473,43.957580582553135,44.180037967293934,59567525
2024-01-30,44.13554382324219,44.40249540076838,44.13554382324219,44.18003801578343,38754522
2024-01-31,43.601646423339844,44.04656118276168,43.601646423339844,44.04656118276168,54713914
2024-02-01,43.64613723754883,43.73512222612631,42.9787650981538,43.20122247795214,64281001
2024-02-02,43.20121765136719,43.512659984947625,43.156726859264225,43.46816579841481,61988932
2024-02-05,42.80079650878906,42.934272288182385,42.578339139420244,42.711814918813566,59043982
2024-02-15,43.77960968017578,43.77960968017578,43.20121917909407,43.60164311104064,64345314
2024-02-16,43.468170166015625,43.824103327462524,43.468170166015625,43.824103327462524,37546293
2024-02-19,43.7351188659668,43.7351188659668,43.42367652151903,43.51266150325981,27779765
2024-02-20,43.824100494384766,44.18003363282181,43.55715233777197,43.6016431314691,33519790
2024-02-21,43.15673065185547,43.69062699286925,43.15673065185547,43.51266380881809,64118827
2024-02-22,43.24571228027344,43.46816965495474,43.06774909607252,43.24571228027344,44502835
2024-02-23,42.84529113769531,43.512663252647386,42.84529113769531,43.156730100234235,54152256
2024-02-26,42.71181869506836,42.93427608410517,42.578342903874116,42.71181869506836,42630523
2024-02-27,42.84529113769531,43.334696676440814,42.756306152376965,42.800796947821084,36863720
2024-02-29,43.468170166015625,43.51266435701913,42.845292225128844,43.06774960242561,66602301
2024-03-01,42.978763580322266,43.601644900646086,42.978763580322266,43.601644900646086,48011892
2024-03-04,43.468170166015625,43.55715515359245,43.11224039899892,43.156731195572235,52620867
2024-03-05,43.379188537597656,43.557155118176404,43.15673116048177,43.468170130671936,43833522
2024-03-06,43.77960968017578,43.77960968017578,43.11223759174148,43.20121917909407,50119208
2024-03-07,44.66944122314453,44.66944122314453,44.09105069497869,44.13554149073834,114381033
2024-03-08,46.182151794433594,47.160962873662086,45.38130389729748,46.182151794433594,284309520
2024-03-11,45.915199279785156,46.62706557110527,45.20333638289508,46.27113242544521,100314710
2024-03-12,46.71604919433594,46.71604919433594,45.64825310529365,45.915201278946675,85918981
2024-03-13,47.16096115112305,47.33892772114536,46.53807985325995,46.98299458110073,125263530
2024-03-14,46.805030822753906,47.16096398418017,46.2711344750447,47.16096398418017,75331524
2024-03-15,46.182151794433594,46.627066538524744,45.91520023243481,46.53808155304845,85406325
2024-03-18,46.093170166015625,46.271136755499775,45.38130720250939,45.826221979004586,69309594
2024-03-19,47.16096115112305,47.60587587896383,45.64825039757839,45.73723537980454,138908497
2024-03-20,47.07197952270508,48.31773872292622,46.982994540555715,47.69485742560065,128826380
2024-03-21,47.427913665771484,47.87282843448309,47.16096548343058,47.605880252142185,69351708
2024-03-22,46.6270637512207,47.42790820605329,46.27113061945295,47.42790820605329,91129106
2024-03-25,46.093170166015625,46.44910334498392,45.826221979004586,46.44910334498392,67294638
2024-03-26,46.00418472290039,46.3601144776854,45.203336834381496,46.093166312989126,79676002
2024-03-27,45.82621765136719,46.00418422404491,45.47028450601174,45.91519924049103,51078804
2024-03-28,46.27113342285156,46.36011501396961,45.55927051061679,45.82621867840106,80341420
2024-03-29,45.915199279785156,46.27113242544521,45.47028454492511,46.27113242544521,60111000
2024-04-01,46.00418472290039,46.716047626900476,45.91519973838158,46.62706603681175,52090342
2024-04-02,46.36011505126953,46.894014781697756,46.182151868890244,46.27113346007989,52845773
2024-04-03,45.915199279785156,46.44909899827524,45.915199279785156,46.44909899827524,41363165
2024-04-08,46.36011505126953,46.44910003688929,45.91520030646107,45.91520030646107,35041836
2024-04-09,46.6270637512207,46.80502692267467,46.36011220517993,46.6270637512207,60645946
2024-04-10,47.33892822265625,47.69485797204162,46.62706532945548,46.89401349010202,102945209
2024-04-11,46.71604919433594,47.07198235549343,46.36011603317844,46.894015774914685,56020149
2024-04-12,46.89401626586914,47.071982848311094,46.71604968342718,46.805031277433045,39562643
2024-04-15,45.915199279785156,46.360114014645205,45.73723610138517,46.27113242544521,57663496
2024-04-16,44.5804557800293,45.381303673210944,44.5804557800293,45.381303673210944,85553804
2024-04-17,44.7584228515625,45.0253710207706,44.669441259969844,44.669441259969844,50186684
2024-04-18,44.66944122314453,44.758422814663824,44.4024930541565,44.5804562371951,37669436
2024-04-19,43.69062423706055,44.00206657836599,43.33469449697853,44.00206657836599,125240375
2024-04-22,43.512664794921875,43.69062798300611,42.97876504737846,43.29020741538634,83258570
2024-04-23,43.33469772338867,44.002069854464175,43.33469772338867,43.69062748997082,48839318
2024-04-24,44.66944122314453,44.66944122314453,43.69062674428158,43.82410252599066,46851297
2024-04-25,44.04656219482422,44.26901957964656,43.468171636514,43.82410481000187,65600848
2024-04-26,44.313507080078125,44.93638839011423,44.224525490542995,44.224525490542995,44383158
2024-04-29,44.847408294677734,44.936389887177306,44.402493543319544,44.758423307748,41636808
2024-04-30,45.114356994628906,45.47028676322319,44.6694422380634,44.84740881957564,49586424
2024-05-02,44.7584228515625,45.29232258440883,44.4914746823544,44.669441259969844,60117129
2024-05-03,45.73723602294922,45.82621761199661,45.292321288852165,45.47028446694696,58495124
2024-05-06,46.00418472290039,46.53808105229294,45.82621814829285,46.3601144776854,42853986
2024-05-07,45.915199279785156,46.360114014645205,45.73723610138517,46.27113242544521,40079427
2024-05-08,46.182151794433594,46.182151794433594,45.73723705034244,46.182151794433594,36416598
2024-05-09,46.182151794433594,46.27113338547978,45.64825206486614,46.182151794433594,29014704
2024-05-10,46.449100494384766,46.53808208645083,45.73723757456584,45.826219166631894,52178902
2024-05-13,46.6270637512207,46.6270637512207,45.82621590195821,46.36011220517993,36249820
2024-05-14,46.36011505126953,46.6270666136987,46.09316688327048,46.538081628078935,44237062
2024-05-15,46.093170166015625,46.62706993446807,46.093170166015625,46.538084942510814,44199438
2024-05-16,46.36011505126953,46.538081628078935,46.182151868890244,46.36011505126953,41857613
2024-05-17,46.98299789428711,46.98299789428711,46.0931683758558,46.53808313507145,61246860
2024-05-20,47.249942779541016,47.249942779541016,46.71604646344507,47.160961191668356,55815584
2024-05-21,47.96181106567383,47.96181106567383,47.16096316361399,47.338929741230636,101866213
2024-05-22,48.94062423706055,49.11859082226319,48.31774288606645,48.49570947126909,152843001
2024-05-23,49.83045196533203,49.83045196533203,48.673674295022856,49.29655562347554,134041206
2024-05-24,48.584686279296875,49.38553413658098,48.584686279296875,48.9406194146298,72951290
2024-05-27,50.364349365234375,51.52113045427517,48.762656911586646,48.762656911586646,139490635
2024-05-28,50.18638610839844,50.98723063690987,50.09740112005479,50.80926405465281,78617613
2024-05-29,49.74147033691406,50.98722959848135,49.652485350382726,50.72028142774766,75822062
2024-05-30,49.65248489379883,50.18638462478685,48.67367381196598,48.94062198024493,74110267
2024-05-31,48.94062423706055,50.275368534434925,48.94062423706055,49.830453768643466,166673076
2024-06-03,48.94062423706055,49.830453768643466,48.58469106665527,49.652487183440826,72529904
2024-06-04,48.31774139404297,48.673674553457246,47.96181162905887,48.49570797375011,69360942
2024-06-05,47.60587692260742,47.961810070455016,47.33892875893676,47.872825086278084,67524397
2024-06-06,48.228759765625,48.228759765625,47.783845013902315,48.13977477862236,41626871
2024-06-07,49.02960205078125,49.02960205078125,47.96180941078509,48.05079099930809,52887635
2024-06-11,49.02960205078125,49.47451678225632,48.76265389078221,49.38553519373332,65133110
2024-06-12,48.85164260864258,48.94062420396859,48.228761258069646,48.94062420396859,45546856
2024-06-13,50.18638610839844,50.631300866825974,49.29655659154336,49.4745197793702,98989445
2024-06-14,50.0974006652832,50.720282000313446,49.91943408464168,50.720282000313446,49230772
2024-06-17,50.453330993652344,50.54231258176177,49.207568393540434,49.74146810548697,47878261
2024-06-18,50.54231262207031,50.720279192861085,50.008416304127984,50.453331033889924,47601340
2024-06-19,50.54231262207031,50.80926078104147,50.36434605127953,50.720279192861085,53101867
2024-06-20,51.16519546508789,51.16519546508789,50.097399402582646,50.631299131050326,58585544
2024-06-21,51.343162536621094,51.610110706215494,50.809262803002156,50.987229380875135,78368326
2024-06-24,50.54231262207031,51.165193922623025,50.36434605127953,51.165193922623025,68248302
2024-06-25,50.18638610839844,50.45333428456891,49.56350476771384,50.45333428456891,69308998
2024-06-26,50.364349365234375,50.453334353699944,49.919434606197214,50.275367771199036,40739678
2024-06-27,50.18638610839844,50.18638610839844,49.385538185456774,49.919434537797734,63763167
2024-06-28,49.56350326538086,50.008418010322465,49.47451827973446,49.91943302467607,86163793
2024-07-01,50.63129806518555,50.98722781557437,49.74146859756844,49.74146859756844,145350617
2024-07-02,49.504180908203125,50.25566679785268,48.752695018553574,50.25566679785268,237140005
2024-07-03,49.504180908203125,50.06779442959845,49.41024293239232,49.87992206134422,111388367
2024-07-04,50.725345611572266,51.10109034574567,49.97385972659281,50.06779411845249,110272226
2024-07-05,50.25566482543945,50.81927832471431,50.161730436682724,50.725343935957575,55145519
2024-07-08,51.946510314941406,52.134382680915465,50.34960057921287,50.72534531116099,120367805
2024-07-09,51.946510314941406,52.88586856144438,51.66470355766398,52.416189438192895,83403492
2024-07-10,51.382896423339844,52.040447907740294,50.91321730353485,51.85257554314484,56944184
2024-07-11,51.382896423339844,51.85257554314484,50.91321730353485,51.85257554314484,60341856
2024-07-12,49.785987854003906,50.44353935365479,49.59811548505117,50.44353935365479,96626512
2024-07-15,50.1617317199707,50.349600502290414,49.785986988596626,49.87992137975648,46152642
2024-07-16,49.785987854003906,50.53747374644747,49.69205346121123,50.44353935365479,52856418
2024-07-17,49.785987854003906,50.067794615749314,49.59811548505117,49.879922246796575,73601733
2024-07-18,49.504180908203125,49.69205327645736,48.658757042742764,49.31630853994889,80358251
2024-07-19,48.75269317626953,49.22237228747303,48.564820815114686,49.034499926318176,50035050
2024-07-22,47.155784606933594,48.470883999669454,46.82700707122413,48.37694960853379,86789525
2024-07-23,48.1890754699707,48.1890754699707,47.43758961843137,47.90726872356435,53903192
2024-07-26,47.62546157836914,47.62546157836914,46.16945708132209,46.45126382536875,89137435
2024-07-29,47.155784606933594,48.28301521739814,46.920945045727116,48.001204877256505,53032472
2024-07-30,46.96791076660156,46.96791076660156,46.216424911009376,46.920943572508406,55622666
2024-07-31,47.34365463256836,47.43758901906123,46.357325657557524,46.59216520715684,48317966
2024-08-01,50.63140869140625,50.72534307857526,49.41024015800607,50.443536333701054,176556343
2024-08-02,49.69205093383789,49.69205093383789,48.84662710823313,49.50417857444047,91788925
2024-08-05,46.92094421386719,48.37694875086041,46.404297905046015,48.37694875086041,114534832
2024-08-06,48.564823150634766,48.75269552082454,46.49823424528208,48.28301638703381,90813027
2024-08-07,49.785987854003906,49.785987854003906,48.56482283086219,49.034501961560345,66218876
2024-08-08,49.598114013671875,49.69205198704517,48.47088341676329,48.84662814352192,41796886
2024-08-09,50.63140869140625,51.10108779398565,50.25566397599586,50.91321543628045,91761372
2024-08-12,51.382896423339844,51.382896423339844,50.91321730353485,51.007151694148924,60391286
2024-08-13,51.476829528808594,51.57076750044477,51.007150420729374,51.476829528808594,40170440
2024-08-14,52.3222541809082,52.41618857065687,51.85257506543034,52.1343818180436,95516407
2024-08-15,51.382896423339844,52.32225466294983,51.19502405874438,52.32225466294983,36115991
2024-08-16,52.41618728637695,52.60405964463838,52.040446153221275,52.60405964463838,67870375
2024-08-19,52.604061126708984,52.604061126708984,52.04044761941259,52.51012673661535,42620464
2024-08-20,52.604061126708984,52.97980585381811,52.22831639959986,52.88586788035718,47491724
2024-08-21,52.604061126708984,52.604061126708984,51.946509645951664,52.51012673661535,34792241
2024-08-22,52.510128021240234,52.79193478178265,52.13438328493877,52.604062413631915,29967598
2024-08-23,52.22831726074219,52.22831726074219,51.47683137750071,51.85257611080512,31061518
2024-08-26,51.758636474609375,52.416187945104404,51.570767697354135,52.416187945104404,27550397
2024-08-27,50.725345611572266,51.28895912946501,50.53747324448557,51.195024737605344,38731939
2024-08-28,51.85257339477539,51.85257339477539,50.81927722399582,50.91321519408514,29669537
2024-08-29,51.28895950317383,51.47683187162943,51.007152742174114,51.382897479085315,23179361
2024-08-30,52.13438034057617,52.13438034057617,51.28895652332807,51.28895652332807,57216020
2024-09-02,52.04044723510742,52.22831601390733,51.476830148605906,52.22831601390733,35025097
2024-09-03,51.758636474609375,52.22831558448193,51.66470208598175,51.85257444660422,27823655
2024-09-04,50.06779479980469,50.819280695010804,49.12843653495519,49.785988037023316,85540468
2024-09-05,50.63140869140625,51.28895656832367,50.349598363164866,50.63140869140625,37686250
2024-09-06,51.19502258300781,51.19502258300781,50.3495987583819,51.00715022382792,24238268
2024-09-09,50.537471771240234,50.537471771240234,49.41024118494789,49.692051519046416,46344513
2024-09-10,50.06779479980469,50.53747393222943,49.69205364388533,50.53747393222943,34164771
2024-09-11,50.725345611572266,50.725345611572266,49.97385972659281,50.06779411845249,24058349
2024-09-12,51.85257339477539,52.04044575158687,51.57076665124175,51.75863542468607,35093409
2024-09-13,51.28895950317383,51.946511001084744,51.007152742174114,51.85257660854064,28598424
2024-09-16,51.19502258300781,51.47682933009405,51.00715022382792,51.28895697091416,24412438
2024-09-18,50.537471771240234,50.9132164944601,50.06779265889903,50.819278521971505,57624338
2024-09-19,50.443538665771484,50.91321779006476,50.25566629938071,50.443538665771484,44892168
2024-09-20,50.537471771240234,51.10108885607003,49.8799202972891,50.819278521971505,71046769
2024-09-23,50.725345611572266,50.725345611572266,50.16173209367952,50.53747324448557,30850375
2024-09-24,50.63140869140625,50.81927746574427,50.349598363164866,50.72534307857526,39787466
2024-09-25,51.19502258300781,51.47682933009405,50.81927786464803,51.00715022382792,49877625
2024-09-26,51.570770263671875,51.75863905027603,51.3828978937003,51.570770263671875,47416602
2024-09-27,51.664703369140625,52.040448099717665,51.664703369140625,52.040448099717665,39870008
2024-09-30,50.537471771240234,51.85257471914251,50.537471771240234,51.47682999592264,41080330
2024-10-01,50.443538665771484,50.91321779006476,50.34960069089242,50.34960069089242,24924409
2024-10-04,49.410240173339844,49.69205050166868,49.03449904118003,49.410240173339844,62671266
2024-10-07,49.69205093383789,50.067792069265515,49.128433855645646,49.785985321853,43226644
2024-10-08,49.410240173339844,49.410240173339844,48.940561070614685,48.940561070614685,39630364
2024-10-09,48.75269317626953,49.31630667636683,48.564820815114686,49.12843431521198,42242680
2024-10-11,48.658756256103516,49.12843537746237,48.56482186517867,48.658756256103516,32068791
2024-10-14,49.316307067871094,49.41024145751061,48.84662795293899,48.9405623425785,27022971
2024-10-15,49.410240173339844,49.59811253110335,49.22237139894352,49.410240173339844,25228714
2024-10-16,48.564823150634766,48.75269552082454,48.18907841025521,48.28301638703381,58352616
2024-10-17,48.564823150634766,48.75269552082454,48.47088517385617,48.47088517385617,32312054
2024-10-18,47.437591552734375,48.56482216769064,47.437591552734375,48.376949801303375,78495841
2024-10-21,47.81333541870117,47.81333541870117,46.967911576968824,47.24971832975718,54363083
2024-10-22,47.62546157836914,47.813333935522635,47.34365483432248,47.34365483432248,50216365
2024-10-23,47.155784606933594,47.62546372934654,47.155784606933594,47.62546372934654,44712063
2024-10-24,46.87397766113281,47.06184644264652,46.827006882387074,46.92094485651124,49698655
2024-10-25,46.7800407409668,47.1557854791944,46.7800407409668,46.920945913644,41806000
2024-10-28,46.26339340209961,46.96791208334986,46.26339340209961,46.78003971834299,49172879
2024-10-29,45.46493911743164,45.9346182257383,45.23009956327831,45.887647448213855,81420494
2024-10-30,45.230098724365234,45.69977782396044,45.08919356113981,45.55887266073502,54094334
2024-11-01,43.77409362792969,44.14983836652365,42.881706144661955,42.97564053762675,140986463
2024-11-04,43.210479736328125,43.8680312315979,43.210479736328125,43.77409325606372,59867354
2024-11-05,42.59989547729492,42.88170582079571,42.3180887171615,42.74080064904531,84205496
2024-11-06,43.06957244873047,43.63318952414329,42.27111940443796,42.27111940443796,78477326
2024-11-07,44.290740966796875,45.04222681696882,43.11654320610096,43.163510399855355,92748740
2024-11-08,43.82106399536133,44.90132383775927,43.82106399536133,44.52558268606895,62605606
2024-11-11,43.72712326049805,43.82106123001816,42.92867022809634,43.63318887434507,46286282
2024-11-12,43.304412841796875,44.1028694849598,42.97563889561449,43.16351125773325,70044482
2024-11-13,43.022605895996094,43.53925220196387,42.928671507044584,43.11654386831484,52919260
2024-11-14,42.271121978759766,42.8347355051296,42.271121978759766,42.8347355051296,78360986
2024-11-15,42.271121978759766,42.64686671858459,41.895377238934934,42.271121978759766,52740993
2024-11-18,42.365055084228516,43.02260656725016,42.13021552481845,42.17718630339431,69203736
2024-11-19,42.45899200439453,43.210477859185175,42.45899200439453,42.45899200439453,60137722
2024-11-20,42.17718505859375,42.17718505859375,42.17718505859375,42.17718505859375,61462099
2024-11-21,41.7075080871582,42.036282044100304,41.7075080871582,41.84840967583308,66276938
2024-11-22,41.75447463989258,42.458993322511574,41.75447463989258,42.036281396266716,50700692
2024-11-25,42.17718505859375,42.693831357374336,42.17718505859375,42.36505383388327,76975045
2024-11-26,42.64686584472656,42.9286726021371,41.89537638047534,42.083248746538146,41939444
2024-11-27,41.7075080871582,42.17718721614256,41.2847961543988,42.13021643655022,88688066
2024-11-28,41.23782730102539,41.425696078375694,40.39240346948008,41.284794495362966,83899732
2024-11-29,40.90904998779297,41.425696294941716,40.62724323692704,41.237827516609265,66068692
2024-12-02,41.8953742980957,41.8953742980957,41.143888454563886,41.284793617949234,38672952
2024-12-03,42.083248138427734,42.412025670128585,41.613569021741334,42.365054891766114,50530088
2024-12-04,41.75447463989258,41.75447463989258,41.33176271364772,41.56660227452072,51615273
2024-12-05,40.956016540527344,41.51963361679364,40.956016540527344,41.378728451885266,57277792
2024-12-06,40.862083435058594,41.284795359680935,40.533309484445276,40.533309484445276,43696126
2024-12-09,41.37873077392578,41.37873077392578,40.86208444588122,40.86208444588122,33159157
2024-12-10,41.049957275390625,41.28479684380434,40.862084903986165,41.143891669409136,32858676
2024-12-11,40.39240264892578,40.815114556111226,40.39240264892578,40.62724219921024,44150960
2024-12-12,39.922725677490234,40.67421156180482,39.593951722904904,40.53330997413997,71174029
2024-12-13,38.9364013671875,39.546982098296915,38.137944680304855,39.45304770377776,115254375
2024-12-16,38.9364013671875,39.07730295896623,38.231882658191466,38.79549619204131,85569382
2024-12-17,39.96969223022461,40.76814888094683,39.40607872189964,39.45304591703217,102163693
2024-12-18,41.049957275390625,41.19085886641839,40.392405767158735,40.486340161177246,88411619
2024-12-19,40.39240264892578,40.9560161362616,40.110595905257874,40.39240264892578,65229584
2024-12-20,39.78181838989258,40.392402654056575,39.59394961633488,40.01665794020686,67542850
2024-12-23,40.29846954345703,40.674210685838624,40.15756437545939,40.15756437545939,35330418
2024-12-24,41.331764221191406,42.22415530173153,41.04995745453859,41.70750896564012,133324087
2024-12-25,41.37873077392578,41.98931507830315,41.37873077392578,41.80144270900493,52528974
2024-12-26,41.049957275390625,41.61357080623656,40.862084903986165,41.61357080623656,26686974
2024-12-27,40.956016540527344,41.378728451885266,40.81511495898617,40.909049346680284,22648295
2024-12-30,40.4863395690918,40.95601869905048,40.4863395690918,40.58027754510397,25586120
2024-12-31,40.43937301635742,40.81511775965126,39.64091991606732,40.1105990535009,43445308
2025-01-02,41.049957275390625,41.049957275390625,40.251500592763534,40.298471373140224,65305876
2025-01-03,40.4863395690918,41.472668608698946,40.4863395690918,41.284796240042,42345224
2025-01-06,40.768150329589844,41.096924290567415,40.721179549420974,40.956019116795645,30917178
2025-01-07,39.78181838989258,41.14388849838885,39.78181838989258,41.00298691822057,58823388
2025-01-08,40.110595703125,40.298468059079234,39.78181818436331,39.828788960877226,37912494
2025-01-09,39.077301025390625,40.3454367888556,39.077301025390625,40.1105972308103,46690991
2025-01-10,38.795494079589844,39.07730083117012,38.32581496583363,38.748526884887674,40822034
2025-01-13,38.41975402832031,39.1712399149715,38.32581605288431,38.51368842038895,48487516
2025-01-14,39.68788528442383,39.68788528442383,38.56065468984958,38.701559857934086,37074886
2025-01-15,38.9364013671875,39.92272684310845,38.9364013671875,39.50001490103734,35977056
2025-01-16,39.03033447265625,39.68788596267583,39.03033447265625,39.35911200934971,37293479
2025-01-17,38.701560974121094,39.21820729971937,38.701560974121094,38.889433342529756,44131855
2025-01-20,40.15756607055664,40.15756607055664,38.98336823223627,39.0303354290956,47283878
2025-01-21,40.345436096191406,40.67421003846341,39.82878979403517,40.15756373630717,42221204
2025-01-22,37.762203216552734,38.090977178105206,37.2925240809821,37.2925240809821,147906733
2025-02-03,38.044010162353516,39.12427361265621,37.57433102454668,37.762203396342905,112180567
2025-02-04,37.66826248168945,38.46671910372424,37.66826248168945,38.46671910372424,58040732
2025-02-05,37.66826248168945,38.18491235968668,37.66826248168945,37.95007280909418,33884048
2025-02-06,37.66826248168945,37.90310203228195,37.52736090135426,37.85613483883688,32609083
2025-02-07,37.715232849121094,37.856134427926875,37.668262072818706,37.668262072818706,23131801
2025-02-10,37.762203216552734,37.85613761031989,37.480396451883834,37.715236019669156,30946715
2025-02-11,37.9500732421875,38.04400763014963,37.71523368891497,37.85613527085816,29858425
2025-02-12,37.66826248168945,38.044007195984314,37.62129528824439,37.95007280909418,27984906
2025-02-13,38.88943099975586,39.218204937139504,37.76220044057782,37.809167634008745,63852185
2025-02-14,38.88943099975586,39.218204937139504,38.560653479005055,38.98336538661771,28541805
2025-02-17,39.45304489135742,39.64091725037066,38.93639859159642,38.98336578550793,32974664
2025-02-18,39.40607833862305,39.7348522847203,39.17123878187722,39.50001272797447,35961690
2025-02-19,39.96969223022461,40.345436958019455,39.59395108579706,39.6409182809296,54652494
2025-02-20,40.39240264892578,40.674209392593696,40.251497485408244,40.39240264892578,40006471
2025-02-21,40.956016540527344,40.956016540527344,40.58027540638368,40.721176987924856,34296687
2025-02-24,40.90904998779297,41.00298796032645,40.204531318944525,40.43937087522734,30194703
2025-02-25,40.67420959472656,40.8620819525612,40.29846846242447,40.43937004327506,35619504
2025-02-26,40.956016540527344,41.14388889928278,40.43937024147531,40.48633743532236,35139939
2025-02-27,41.049957275390625,41.472669215208796,40.768150509967654,41.33176404081359,69299467
2025-03-03,40.956016540527344,40.956016540527344,40.251497882719875,40.48633743532236,53120564
2025-03-04,40.956016540527344,41.19085609312984,40.29846865993413,40.34543585378119,44284021
2025-03-05,41.331764221191406,41.80144336006858,41.04995745453859,41.42569861561986,46383229
2025-03-06,41.331764221191406,41.75447616285435,41.23782982676295,41.61357098784422,30376684
2025-03-07,41.4726676940918,41.895376035038616,41.1438901603509,41.33176252486466,31779134
2025-03-10,42.31808853149414,42.55292809446954,41.707507817778506,41.848409405543336,58815717
2025-03-11,42.13021469116211,42.27111985736689,41.519633998798255,41.61356838735662,68052418
2025-03-12,42.083248138427734,42.224153306780565,41.42569665839332,41.98931374843737,43316994
2025-03-13,41.049957275390625,41.98931554904548,40.956019298004676,41.98931554904548,57573005
2025-03-14,42.17718505859375,42.3180866400609,40.8620821313639,40.909049325186274,68441495
2025-03-17,41.425697326660156,42.41202635430658,41.425697326660156,42.271121183680705,44201092
2025-03-18,41.80144119262695,42.27112030715085,41.47266724580713,41.51963444058607,42180476
2025-03-19,41.61356735229492,42.17718441972787,41.61356735229492,41.8014397081059,37314811
2025-03-20,42.412025451660156,42.412025451660156,41.989313532146376,41.989313532146376,43291329
2025-03-21,42.271121978759766,42.271121978759766,41.801442845662436,42.271121978759766,39145180
2025-03-24,42.13021469116211,42.55292660640922,41.89537513639896,42.27111985736689,36059208
2025-03-25,42.13021469116211,42.458992217850856,41.754473553561404,42.27111985736689,36461286
2025-03-26,41.84840774536133,42.083247299020336,41.61356819170232,42.036280104961975,28156495
2025-03-27,42.083248138427734,42.083248138427734,41.331762268402954,41.42569665839332,43278476
2025-03-28,41.84840774536133,41.89537493941968,41.425695832101674,41.89537493941968,37954776
2025-03-31,41.94234848022461,41.94234848022461,40.67421265689429,40.90905222602574,61875919
2025-04-01,43.16351318359375,45.089196918654466,42.50596167852322,44.337711020017046,143290199
2025-04-02,42.505958557128906,43.02260485054212,42.412024170460015,43.02260485054212,50515462
2025-04-07,38.278846740722656,38.278846740722656,38.278846740722656,38.278846740722656,13988062
2025-04-08,39.17123794555664,39.453044690961505,37.104649173642365,37.15161636731531,120858432
2025-04-09,37.48039627075195,38.983368063967596,37.29252390075815,38.09097699402257,84824195
2025-04-10,41.19085693359375,41.19085693359375,40.862082986588796,41.19085693359375,49531081
2025-04-11,41.425697326660156,41.613569693038876,39.54698082960768,40.11059792874383,69373050
2025-04-14,41.61356735229492,42.599892741093655,41.61356735229492,42.08324645013881,56357316
2025-04-15,41.989315032958984,42.22415459848631,41.707508270999675,41.80144266386365,31216544
2025-04-16,42.224151611328125,42.27111880443741,41.5196329645875,41.5196329645875,35850779
2025-04-17,41.425697326660156,42.130216013054834,41.378730130907314,42.130216013054834,20580050
2025-04-18,41.61356735229492,41.754472514994944,41.42569499648394,41.754472514994944,16088207
2025-04-21,41.002986907958984,41.66053478198069,41.002986907958984,41.66053478198069,14669270
2025-04-22,41.61356735229492,41.84840690121686,40.90904870552909,40.956015898640054,27738319
2025-04-23,42.365055084228516,42.552927448430026,41.89537596540839,42.22415349860286,33676880
2025-04-24,40.768150329589844,42.224154930639315,40.768150329589844,42.0362825600661,42017291
2025-04-25,41.94234848022461,41.98931567737741,41.28479696998305,41.42569856144146,54399065
2025-04-28,42.17718505859375,42.17718505859375,41.51963359497882,41.84840753510269,22973317
2025-04-29,42.224151611328125,42.36505319065596,41.9423448693053,41.989312062414584,27807473
2025-04-30,42.45899200439453,42.55292639248066,42.03628009127254,42.03628009127254,30303702
2025-05-02,42.88170623779297,43.06957502413057,42.41202710521415,42.458994301798555,31142562
2025-05-05,42.31808853149414,43.02260722042035,41.895376601464946,42.97564002449874,35331097
2025-05-06,42.64686584472656,43.022606993484835,41.89537638047534,42.27112111260095,43359102
2025-05-07,42.97563934326172,43.11654451216032,42.64686539365473,42.83473417436312,31781212
2025-05-08,42.55292892456055,42.97564086283569,42.55292892456055,42.646866901603595,20575779
2025-05-09,42.78776550292969,42.9286706669668,42.412024371109354,42.45899156466599,16829589
2025-05-12,43.6331901550293,43.6331901550293,42.83473351582483,42.97563868255716,33950716
2025-05-13,43.72712326049805,44.008930002324114,43.539250904824954,43.82106123001816,31348875
2025-05-14,44.149837493896484,44.196804689450566,43.96196512831282,44.055903102788314,27429275
2025-05-15,44.61951446533203,44.61951446533203,44.008930202459574,44.102868172406886,41621426
2025-05-16,44.90132141113281,44.90132141113281,44.431642309377516,44.71344905375726,28845625
2025-05-19,44.85435485839844,45.042227218457846,44.619515304165986,44.71344969251208,36863531
2025-05-20,44.94829177856445,45.08919695238763,44.38467825000657,45.042229755569046,28130117
2025-05-21,46.54520034790039,46.68610551807247,44.995261392844164,45.08919578404733,93231386
2025-05-22,46.45126724243164,46.780041204110255,45.934620909779206,46.45126724243164,70843171
2025-05-23,45.13616180419922,46.451264746999215,45.13616180419922,45.183128998577665,71578900
2025-05-26,44.243770599365234,45.84068028537224,44.243770599365234,44.9013220681172,78899680
2025-05-27,43.210479736328125,44.71345151120129,43.210479736328125,44.2437723836325,99624798
2025-05-28,44.19680404663086,44.57254877233317,43.351383788851564,43.58622334657369,98074934
2025-05-29,43.91499710083008,45.1831292736034,43.91499710083008,44.5255813815682,149032843
2025-06-02,44.10287094116211,44.10287094116211,43.116545486680884,43.96196576907877,77681104
2025-06-03,44.38467788696289,44.431645083397314,43.77409358321327,43.868031559449506,77951822
2025-06-04,43.16351318359375,44.38467821680049,43.02260800987599,44.243773043082726,85197919
2025-06-05,42.55292892456055,43.257447627229986,42.365056553841875,42.88170646916007,74581058
2025-06-06,42.271121978759766,42.97564067840576,42.271121978759766,42.55292874194468,55682096
2025-06-09,42.88170623779297,42.97564063096177,42.130216758972935,42.27112193209354,39208994
2025-06-10,43.58622360229492,43.68015799258798,43.0226065104347,43.06957370558123,47063212
2025-06-11,44.38467788696289,44.38467788696289,43.727126386778856,43.727126386778856,56558714
2025-06-12,44.431644439697266,44.525582414572575,44.05590329029805,44.38467724394328,32543331
2025-06-13,44.572547912597656,44.85435465975514,43.961963640950444,43.961963640950444,44771416
2025-06-16,45.089195251464844,45.089195251464844,44.47861096575434,44.47861096575434,41131108
2025-06-17,44.61951446533203,45.84067940770979,44.61951446533203,45.32403311478465,71150250
2025-06-18,45.371002197265625,45.371002197265625,44.71345071372348,44.80738868758225,41498670
2025-06-19,44.85435485839844,45.51190632692275,44.71344969251208,45.464939132749706,51252856
2025-06-20,44.76042175292969,45.04222850941204,43.96196509563447,44.43164421756084,65459193
2025-06-23,44.149837493896484,44.33770985948015,43.39835161492916,43.68015837162099,74736166
2025-06-24,45.349998474121094,45.349998474121094,42.5,42.5,132396029
2025-06-25,43.79999923706055,45.45000076293945,43.79999923706055,45.45000076293945,95756039
2025-06-26,43.25,44.349998474121094,43.150001525878906,43.79999923706055,81421425
2025-06-27,44.29999923706055,44.29999923706055,43.599998474121094,43.849998474121094,49281090
2025-06-30,44.20000076293945,44.400001525878906,43.95000076293945,44.099998474121094,27543017
2025-07-01,43.95000076293945,44.599998474121094,43.54999923706055,44.25,48470565
2025-07-02,44.45000076293945,44.45000076293945,43.79999923706055,43.849998474121094,41467173
2025-07-03,44.400001525878906,44.95000076293945,44.25,44.54999923706055,37104217
